{
"0x00": { "val": "", "EN_def": "Face Down", "ES_def": "Mirar hacia abajo" },
"0x01": { "val": "", "EN_def": "Face Up", "ES_def": "Mirar hacia arriba" },
"0x02": { "val": "", "EN_def": "Face Lef", "ES_def": "Mirar hacia la izquierda" },
"0x03": { "val": "", "EN_def": "Face Right", "ES_def": "Mirar hacia la derecha" },
"0x04": { "val": "", "EN_def": "Step Down (Slow)", "ES_def": "Paso hacia abajo (Lento)" },
"0x05": { "val": "", "EN_def": "Step Up (Slow)", "ES_def": "Paso hacia arriba (Lento)" },
"0x06": { "val": "", "EN_def": "Step Left (Slow)", "ES_def": "Paso hacia la izquierda (Lento)" },
"0x07": { "val": "", "EN_def": "Step Right (Slow)", "ES_def": "Paso hacia la derecha (Lento)" },
"0x08": { "val": "", "EN_def": "Step Down (Normal)", "ES_def": "Paso hacia abajo (Normal)" },
"0x09": { "val": "", "EN_def": "Step Up (Normal)", "ES_def": "Paso hacia arriba (Normal)" },
"0x0A": { "val": "", "EN_def": "Step Left (Normal)", "ES_def": "Paso hacia la izquierda (Normal)" },
"0x0B": { "val": "", "EN_def": "Step Right (Normal)", "ES_def": "Paso hacia la derecha (Normal)" },
"0x0C": { "val": "", "EN_def": "Jump2 Down", "ES_def": "" },
"0x0D": { "val": "", "EN_def": "Jump2 Up", "ES_def": "" },
"0x0E": { "val": "", "EN_def": "Jump2 Left", "ES_def": "" },
"0x0F": { "val": "", "EN_def": "Jump2 Right", "ES_def": "" },
"0x10": { "val": "", "EN_def": "Delay1", "ES_def": "" },
"0x11": { "val": "", "EN_def": "Delay2", "ES_def": "" },
"0x12": { "val": "", "EN_def": "Delay3", "ES_def": "" },
"0x13": { "val": "", "EN_def": "Delay4", "ES_def": "" },
"0x14": { "val": "", "EN_def": "Delay5", "ES_def": "" },
"0x15": { "val": "", "EN_def": "Step Down (Fast)", "ES_def": "" },
"0x16": { "val": "", "EN_def": "Step Up (Fast)", "ES_def": "" },
"0x17": { "val": "", "EN_def": "Step Left (Fast)", "ES_def": "" },
"0x18": { "val": "", "EN_def": "Step Right (Fast)", "ES_def": "" },
"0x19": { "val": "", "EN_def": "Step on the Spot Down (Slow)", "ES_def": "" },
"0x1A": { "val": "", "EN_def": "Step on the Spot Up (Slow)", "ES_def": "" },
"0x1B": { "val": "", "EN_def": "Step on the Spot Left (Slow)", "ES_def": "" },
"0x1C": { "val": "", "EN_def": "Step on the Spot Right (Slow)", "ES_def": "" },
"0x1D": { "val": "", "EN_def": "Step on the Spot Down (Normal)", "ES_def": "" },
"0x1E": { "val": "", "EN_def": "Step on the Spot Up (Normal)", "ES_def": "" },
"0x1F": { "val": "", "EN_def": "Step on the Spot Left (Normal)", "ES_def": "" },
"0x20": { "val": "", "EN_def": "Step on the Spot Right (Normal)", "ES_def": "" },
"0x21": { "val": "", "EN_def": "Step on the Spot Down (Faster)", "ES_def": "" },
"0x22": { "val": "", "EN_def": "Step on the Spot Up (Faster)", "ES_def": "" },
"0x23": { "val": "", "EN_def": "Step on the Spot Left (Faster)", "ES_def": "" },
"0x24": { "val": "", "EN_def": "Step on the Spot Right (Faster)", "ES_def": "" },
"0x25": { "val": "", "EN_def": "Step on the Spot Down (Fastest)", "ES_def": "" },
"0x26": { "val": "", "EN_def": "Step on the Spot Up (Fastest)", "ES_def": "" },
"0x27": { "val": "", "EN_def": "Step on the Spot Left (Fastest)", "ES_def": "" },
"0x28": { "val": "", "EN_def": "Step on the Spot Right (Fastest)", "ES_def": "" },
"0x29": { "val": "", "EN_def": "Slide Down", "ES_def": "" },
"0x2A": { "val": "", "EN_def": "Slide Up", "ES_def": "" },
"0x2B": { "val": "", "EN_def": "Slide Left", "ES_def": "" },
"0x2C": { "val": "", "EN_def": "Slide Right", "ES_def": "" },
"0x2D": { "val": "", "EN_def": "Slide Down", "ES_def": "" },
"0x2E": { "val": "", "EN_def": "Slide Up", "ES_def": "" },
"0x2F": { "val": "", "EN_def": "Slide Left", "ES_def": "" },
"0x30": { "val": "", "EN_def": "Slide Right", "ES_def": "" },
"0x31": { "val": "", "EN_def": "Slide Down", "ES_def": "" },
"0x32": { "val": "", "EN_def": "Slide Up", "ES_def": "" },
"0x33": { "val": "", "EN_def": "Slide Left", "ES_def": "" },
"0x34": { "val": "", "EN_def": "Slide Right", "ES_def": "" },
"0x35": { "val": "", "EN_def": "Slide Running Down", "ES_def": "" },
"0x36": { "val": "", "EN_def": "Slide Running Up", "ES_def": "" },
"0x37": { "val": "", "EN_def": "Slide Running Left", "ES_def": "" },
"0x38": { "val": "", "EN_def": "Slide Running Right", "ES_def": "" },
"0x3A": { "val": "", "EN_def": "Jump Facing Left (Down)", "ES_def": "" },
"0x3B": { "val": "", "EN_def": "Jump Facing Down (Up)", "ES_def": "" },
"0x3C": { "val": "", "EN_def": "Jump Facing Up (Left)", "ES_def": "" },
"0x3D": { "val": "", "EN_def": "Jump Facing Left (Right)", "ES_def": "" },
"0x3E": { "val": "", "EN_def": "Face Player", "ES_def": "" },
"0x3F": { "val": "", "EN_def": "Face Against Player", "ES_def": "" },
"0x40": { "val": "", "EN_def": "Lock Sprite Facing", "ES_def": "" },
"0x41": { "val": "", "EN_def": "Release Sprite Facing", "ES_def": "" },
"0x42": { "val": "", "EN_def": "Jump Down", "ES_def": "" },
"0x43": { "val": "", "EN_def": "Jump Up", "ES_def": "" },
"0x44": { "val": "", "EN_def": "Jump Left", "ES_def": "" },
"0x45": { "val": "", "EN_def": "Jump Right", "ES_def": "" },
"0x46": { "val": "", "EN_def": "Jump in Place (Facing Down)", "ES_def": "" },
"0x47": { "val": "", "EN_def": "Jump in Place (Facing Up)", "ES_def": "" },
"0x48": { "val": "", "EN_def": "Jump in Place (Facing Left)", "ES_def": "" },
"0x49": { "val": "", "EN_def": "Jump in Place (Facing Right)", "ES_def": "" },
"0x4A": { "val": "", "EN_def": "Jump in Place (Facing Down/Up)", "ES_def": "" },
"0x4B": { "val": "", "EN_def": "Jump in Place (Facing Up/Down)", "ES_def": "" },
"0x4C": { "val": "", "EN_def": "Jump in Place (Facing Left/Right)", "ES_def": "" },
"0x4D": { "val": "", "EN_def": "Jump in Place (Facing Right/Left)", "ES_def": "" },
"0x4E": { "val": "", "EN_def": "Face Left", "ES_def": "" },
"0x4F": { "val": "", "EN_def": "mov4F", "ES_def": "" },
"0x54": { "val": "", "EN_def": "Hide Sprite", "ES_def": "" },
"0x55": { "val": "", "EN_def": "Show Sprite", "ES_def": "" },
"0x56": { "val": "", "EN_def": "Exclamation Mark (!)", "ES_def": "" },
"0x57": { "val": "", "EN_def": "Question Mark (?)", "ES_def": "" },
"0x58": { "val": "", "EN_def": "Love (<3)", "ES_def": "" },
"0x62": { "val": "", "EN_def": "Walk Down", "ES_def": "" },
"0x63": { "val": "", "EN_def": "Walk Down", "ES_def": "" },
"0x64": { "val": "", "EN_def": "Face Down (Delayed)", "ES_def": "" },
"0x65": { "val": "", "EN_def": "Face Up (Delayed)", "ES_def": "" },
"0x66": { "val": "", "EN_def": "Face Left (Delayed)", "ES_def": "" },
"0x67": { "val": "", "EN_def": "Face Right (Delayed)", "ES_def": "" },
"0x70": { "val": "", "EN_def": "Jump in Place (Facing Down)", "ES_def": "" },
"0x71": { "val": "", "EN_def": "Jump in Place (Facing Up)", "ES_def": "" },
"0x72": { "val": "", "EN_def": "Jump in Place (Facing Left)", "ES_def": "" },
"0x73": { "val": "", "EN_def": "Jump in Place (Facing Right)", "ES_def": "" },
"0x74": { "val": "", "EN_def": "Jump Down Running", "ES_def": "" },
"0x75": { "val": "", "EN_def": "Jump Up Running", "ES_def": "" },
"0x76": { "val": "", "EN_def": "Jump Left Running", "ES_def": "" },
"0x77": { "val": "", "EN_def": "Jump Right Running", "ES_def": "" },
"0x78": { "val": "", "EN_def": "Jump2 Down Running", "ES_def": "" },
"0x79": { "val": "", "EN_def": "Jump2 Up Running", "ES_def": "" },
"0x7A": { "val": "", "EN_def": "Jump2 Left Running", "ES_def": "" },
"0x7B": { "val": "", "EN_def": "Jump2 Right Running", "ES_def": "" },
"0x7C": { "val": "", "EN_def": "Walk on the Spot (Down)", "ES_def": "" },
"0x7D": { "val": "", "EN_def": "Walk on the Spot (Up)", "ES_def": "" },
"0x7E": { "val": "", "EN_def": "Walk on the Spot (Left)", "ES_def": "" },
"0x7F": { "val": "", "EN_def": "Walk on the Spot (Right)", "ES_def": "" },
"0x80": { "val": "", "EN_def": "Slide Down Running", "ES_def": "" },
"0x81": { "val": "", "EN_def": "Slide Up Running", "ES_def": "" },
"0x82": { "val": "", "EN_def": "Slide Left Running", "ES_def": "" },
"0x83": { "val": "", "EN_def": "Slide Right Running", "ES_def": "" },
"0x84": { "val": "", "EN_def": "Slide Down", "ES_def": "" },
"0x85": { "val": "", "EN_def": "Slide Up", "ES_def": "" },
"0x86": { "val": "", "EN_def": "Slide Left", "ES_def": "" },
"0x87": { "val": "", "EN_def": "Slide Right", "ES_def": "" },
"0x88": { "val": "", "EN_def": "Slide Down on Left Foot", "ES_def": "" },
"0x89": { "val": "", "EN_def": "Slide Up on Left Foot", "ES_def": "" },
"0x8A": { "val": "", "EN_def": "Slide Left on Left Foot ", "ES_def": "" },
"0x8B": { "val": "", "EN_def": "Slide Right on Left Foot", "ES_def": "" },
"0x8C": { "val": "", "EN_def": "Slide Left diagonally (Facing Up)", "ES_def": "" },
"0x8D": { "val": "", "EN_def": "Slide Right diagonally (Facing Up)", "ES_def": "" },
"0x8E": { "val": "", "EN_def": "Slide Left diagonally (Facing Down)", "ES_def": "" },
"0x8F": { "val": "", "EN_def": "Slide Right diagonally (Facing Down)", "ES_def": "" },
"0x90": { "val": "", "EN_def": "Slide2 Left diagonally (Facing Up)", "ES_def": "" },
"0x91": { "val": "", "EN_def": "Slide2 Right diagonally (Facing Up)", "ES_def": "" },
"0x92": { "val": "", "EN_def": "Slide2 Left diagonally (Facing Down)", "ES_def": "" },
"0x93": { "val": "", "EN_def": "Slide2 Right diagonally (Facing Down)", "ES_def": "" },
"0x96": { "val": "", "EN_def": "Walk Left", "ES_def": "" },
"0x97": { "val": "", "EN_def": "Walk Right", "ES_def": "" },
"0x98": { "val": "", "EN_def": "Levitate", "ES_def": "" },
"0x99": { "val": "", "EN_def": "Stop Levitating", "ES_def": "" },
"0x9C": { "val": "", "EN_def": "Fly Up Vertically", "ES_def": "" },
"0x9D": { "val": "", "EN_def": "Land", "ES_def": "" },
"0xFE": { "val": "", "EN_def": "End of Movements", "ES_def": "" }
}
