{
  "00":" ",
  "01":"a",
  "02":"i",
  "03":"u",
  "04":"e",
  "05":"o",
  "06":"ka",
  "07":"ki",
  "08":"ku",
  "09":"ke",
  "0A":"ko",
  "0B":"sa",
  "0C":"shi",
  "0D":"su",
  "0E":"se",
  "0F":"so",
  "10":"ta",
  "11":"chi",
  "12":"tsu",
  "13":"te",
  "14":"to",
  "15":"na",
  "16":"ni",
  "17":"nu",
  "18":"ne",
  "19":"no",
  "1A":"ha",
  "1B":"hi",
  "1C":"fu",
  "1D":"he",
  "1E":"ho",
  "1F":"ma",
  "20":"mi",
  "21":"mu",
  "22":"me",
  "23":"mo",
  "24":"ya",
  "25":"yu",
  "26":"yo",
  "27":"ra",
  "28":"ri",
  "29":"ru",
  "2A":"re",
  "2B":"ro",
  "2C":"wa",
  "2D":"wo",
  "2E":"n",
  "2F":"<a",
  "30":"<i",
  "31":"<u",
  "32":"<e",
  "33":"<o",
  "34":"<ya",
  "35":"<yu",
  "36":"<yo",
  "37":"ga",
  "38":"gi",
  "39":"gu",
  "3A":"ge",
  "3B":"go",
  "3C":"za",
  "3D":"zi",
  "3E":"zu",
  "3F":"ze",
  "40":"zo",
  "41":"da",
  "42":"di",
  "43":"du",
  "44":"de",
  "45":"do",
  "46":"ba",
  "47":"bi",
  "48":"bu",
  "49":"be",
  "4A":"bo",
  "4B":"pa",
  "4C":"pi",
  "4D":"pu",
  "4E":"pe",
  "4F":"po",
  "50":"<tsu",
  "51":"A",
  "52":"I",
  "53":"U",
  "54":"E",
  "55":"O",
  "56":"KA",
  "57":"KI",
  "59":"KE",
  "58":"KU",
  "5A":"KO",
  "5B":"SA",
  "5C":"SHI",
  "5D":"SU",
  "5E":"SE",
  "5F":"SO",
  "60":"TA",
  "61":"CHI",
  "62":"TSU",
  "63":"TE",
  "64":"TO",
  "65":"NA",
  "66":"NI",
  "68":"NE",
  "67":"NU",
  "69":"NO",
  "6A":"HA",
  "6B":"HI",
  "6C":"FU",
  "6D":"HE",
  "6E":"HO",
  "6F":"MA",
  "70":"MI",
  "71":"MU",
  "72":"ME",
  "73":"MO",
  "74":"YA",
  "75":"YU",
  "76":"YO",
  "77":"RA",
  "78":"RI",
  "79":"RU",
  "7A":"RE",
  "7B":"RO",
  "7C":"WA",
  "7D":"WO",
  "7E":"N",
  "7F":"<A",
  "80":"<I",
  "81":"<U",
  "82":"<E",
  "83":"<O",
  "84":"<YA",
  "85":"<YU",
  "86":"<YO",
  "87":"GA",
  "88":"GI",
  "89":"GU",
  "8A":"GE",
  "8B":"GO",
  "8C":"ZA",
  "8D":"ZI",
  "8E":"ZU",
  "8F":"ZE",
  "90":"ZO",
  "91":"DA",
  "92":"DI",
  "93":"DU",
  "94":"DE",
  "95":"DO",
  "96":"BA",
  "97":"BI",
  "98":"BU",
  "99":"BE",
  "9A":"BO",
  "9B":"PA",
  "9C":"PI",
  "9D":"PU",
  "9E":"PE",
  "9F":"PO",
  "A0":"<TSU",
  "A2":"1",
  "A1":"0",
  "A3":"2",
  "A4":"3",
  "A5":"4",
  "A6":"5",
  "A7":"6",
  "A8":"7",
  "A9":"8",
  "AA":"9",
  "AB":"!",
  "AC":"?",
  "AD":".",
  "AE":"-",
  "AF":"·",
  "B0":"••",
  "B2":"»",
  "B1":"«",
  "B3":"<",
  "B4":">",
  "B5":"|m|",
  "B6":"|w|",
  "B7":"$",
  "B8":".",
  "B9":"*",
  "BA":"/",
  "BB":"#A",
  "BC":"#B",
  "BD":"#C",
  "BE":"#D",
  "BF":"#E",
  "C0":"#F",
  "C1":"#G",
  "C2":"#H",
  "C3":"#I",
  "C4":"#J",
  "C5":"#K",
  "C6":"#L",
  "C7":"#M",
  "C8":"#N",
  "C9":"#O",
  "CA":"#P",
  "CB":"#Q",
  "CC":"#R",
  "CD":"#S",
  "CE":"#T",
  "CF":"#U",
  "D0":"#V",
  "D1":"#W",
  "D2":"#X",
  "D3":"#Y",
  "D4":"#Z",
  "D5":"#a",
  "D6":"#b",
  "D7":"#c",
  "D8":"#d",
  "D9":"#e",
  "DA":"#f",
  "DB":"#g",
  "DC":"#h",
  "DD":"#i",
  "DE":"#j",
  "DF":"#k",
  "E0":"#l",
  "E1":"#m",
  "E2":"#n",
  "E3":"#o",
  "E4":"#p",
  "E5":"#q",
  "E6":"#r",
  "E7":"#s",
  "E8":"#t",
  "E9":"#u",
  "EA":"#v",
  "EB":"#w",
  "EC":"#x",
  "ED":"#y",
  "EE":"#z",
  "EF":"|>|",
  "F0":":",
  "F1":"Ä",
  "F2":"Ö",
  "F3":"Ü",
  "F4":"ä",
  "F5":"ö",
  "F6":"ü",
  "F7":"|A|",
  "F8":"|V|",
  "F9":"|<|",
  "FA":"|nb|",
  "FB":"|nb2|",
  "FC":"|FC|",
  "FD":"|FD|",
  "FE":"|br|",
  "FF":"|end|"
}
