{
  "gba_roms":{
    "global": {
      "map_header": {
        "chain": "80180068890B091808687047",
        "index": 0
      },
      "map_name_0": {
        "chain": "C078288030BC01BC00470000",
        "index": 0
      },
      "map_name_1": {
        "chain": "AC470000AE470000B0470000",
        "index": 0
      },
      "sprite_header": {
        "chain": "89000918086802BC08470000",
        "index": 1
      },
      "sprite_palette": {
        "chain": "21F801BC00470000FF110000",
        "index": 0
      },
      "item_header": {
        "chain": "0249401802BC08470000",
        "index": 0
      },
      "wild_pokemon": {
        "chain": "0348048009E00000FFFF0000",
        "index": 0
      }
    },
    "ruby":{
      "language": ["es", "en", "jp"],
      "memory":{
        "es":{
          "version": {
            "offset_v1": 1996064,
            "offset_v2": -1,
            "string": "$Name: debug-Euro-2003-05-19-A $"
          }
        },
        "en":{
          "version": {
            "offset_v1": 1976336,
            "offset_v2": 1976360,
            "string": "2002 10 15 20:34"
          }
        },
        "jp":{
          "version": {
            "offset_v1": 1782456,
            "offset_v2": -1,
            "string": "2002 10 13 16:31"
          }
        }
      }
    },
    "sapphire":{
      "memory":{
        "es":{
          "version": {
            "offset_v1": -1,
            "offset_v2": -1,
            "string": ""
          }
        },
        "en":{
          "version": {
            "offset_v1": -1,
            "offset_v2": -1,
            "string": ""
          }
        },
        "jp":{
          "version": {
            "offset_v1": -1,
            "offset_v2": -1,
            "string": ""
          }
        }
      }
    },
    "emerald":{
      "memory":{
        "es":{
          "version": {
            "offset_v1": -1,
            "offset_v2": -1,
            "string": ""
          }
        },
        "en":{
          "version": {
            "offset_v1": 3052852,
            "offset_v2": -1,
            "string": "2005 02 21 11:10"
          }
        },
        "jp":{
          "version": {
            "offset_v1": -1,
            "offset_v2": -1,
            "string": ""
          }
        }
      }
    },
    "fire_red":{
      "memory":{
        "es":{
          "version": {
            "offset_v1": -1,
            "offset_v2": -1,
            "string": ""
          }
        },
        "en":{
          "version": {
            "offset_v1": 2006916,
            "offset_v2": 2006916,
            "string": "_ose/source/gfli"
          }
        },
        "jp":{
          "version": {
            "offset_v1": -1,
            "offset_v2": -1,
            "string": ""
          }
        }
      }
    },
    "leaf_green":{
      "memory":{
        "es":{
          "version": {
            "offset_v1": -1,
            "offset_v2": -1,
            "string": ""
          }
        },
        "en":{
          "version": {
            "offset_v1": -1,
            "offset_v2": -1,
            "string": ""
          }
        },
        "jp":{
          "version": {
            "offset_v1": -1,
            "offset_v2": -1,
            "string": ""
          }
        }
      }
    }
  },
  "gbc_roms": {
    "global": {
      "map_header": {
        "chain": "80180068890B091808687047",
        "index": 0
      }
    },
    "red": {
      "memory": {
        "es": {},
        "en": {
          "map_header": 430,
          "map_header": 430,
          "help": "https://hax.iimarck.us/files/rbheaders.txt"
        },
        "jp": {}
      }
    },
    "blue": {
      "memory": {
        "es": {},
        "en": {},
        "jp": {}
      }
    },
    "yellow": {
      "memory": {
        "es": {},
        "en": {},
        "jp": {}
      }
    },
    "silver": {
      "memory": {
        "es": {},
        "en": {},
        "jp": {}
      }
    },
    "gold": {
      "memory": {
        "es": {},
        "en": {},
        "jp": {}
      }
    },
    "crystal": {
      "memory": {
        "es": {},
        "en": {},
        "jp": {}
      }
    }
  }
}
